{"CLEAR_1:84_OD2": [11.884021625123685, 12.471671046971588, 0.08647795318794245, 6.5729332944192675, 0.08674234054569113, 0.0], "COMBAT_Fly_LEFT_DOWN": [9.892040414455932, 9.31164932846366, 3.8407807258420776, 4.379489188117877, 5.752143635785632, 3.706571796901553], "COMBAT_ID_14.0_RIGHT_DOWN": [1.242810961261812, 0.135844810222069, 1.1152768393611594, 0.0, 0.0, 11.973201824035097], "COMBAT_ID_14.0_LEFT_DOWN": [-5.023176996230013, 6.139410128785512, 2.1320056673679666, 0.9487042320134517, 1.6918590660745123, 1.311911904507258], "COMBAT_ID_14.0_LEFT_UP": [-1.4290579545114972, 2.9460715930667902, 6.144171056463734, 3.828711139089009, 2.8088101733500808, 3.7098695449342136], "COMBAT_Fly_RIGHT_DOWN": [9.146798788689154, 8.56067296701377, 1.6442633141978467, 9.322160918815523, 2.9823355274183094, 3.7534391916186527], "COMBAT_Fly_RIGHT_UP": [8.16038887131727, 5.921967483371554, 9.583116358264434, 7.0843419851806955, 1.645519290707774, 1.596062041627039], "CLEAR_1:97_OD0": [3.6301138085710574, 4.755726098522089, 1.5954363978730637, 2.9633324979155597, 0.0, 0.0], "CLEAR_1:97_OD3": [7.032512526703202, 6.340809206335127, 6.681972149008593, 6.8317100782266085, 2.734, 0.0], "CLEAR_1:84_OD3": [29.808304705907418, 26.36680351589239, 21.435734707587475, 22.22116322752329, 0.0, 0.0], "CLEAR_1:71_OD1": [20.849587453773776, 26.952636758656872, 23.166208281973443, 8.324339562872218, 0.0, 0.0], "COMBAT_ID_244.0_LEFT_UP": [9.684876025018623, 24.259481385314793, 10.16584237159396, 9.27089622788951, -9.552690371145777, 10.650525687365057], "COMBAT_ID_244.0_LEFT_DOWN": [4.2826663415118205, -1.7402534270531302, 20.542649317287875, 4.1038988939575045, 2.9004757110622683, 2.6676058237096183], "CLEAR_1:69_OD0": [0.2743874762133541, 0.0, 0.6023451437827091, 0.12194998942815735, 0.846874926584426, 0.0], "COMBAT_Gaper_LEFT_UP": [-7.706859287969148, 1.4737708134525402, 0.0, 0.0, 0.0, 0.0], "COMBAT_Gaper_LEFT_DOWN": [-6.614569258843365, -7.008075465512435, 0.2791, 0.0, -7.638251603890993, 0.0], "COMBAT_ID_226.0_RIGHT_DOWN": [-6.8977765747651905, 0.2674505192428684, 0.0, 1.2878421396205537, 0.0, 0.0], "COMBAT_ID_226.0_RIGHT_UP": [0.6981810607373807, 0.0, 0.0, 0.0, 0.0, 0.0], "COMBAT_Gaper_RIGHT_DOWN": [-7.576488740455343, 3.48780618314195, 0.7543294683090382, 0.37113280652529784, 0.0, 0.6577665335518981], "COMBAT_Gaper_RIGHT_UP": [0.6906687441444629, -7.1765035037334615, 0.0, 0.0, 0.0, 0.0], "COMBAT_ID_226.0_LEFT_UP": [0.19, 0.0, 0.0, 0.0, 0.0, 0.0], "COMBAT_ID_226.0_LEFT_DOWN": [11.565580862999367, 0.0, 0.0, 0.0, 0.2157949556211202, 0.0], "CLEAR_1:83_OD1": [1.4282893669975358, 1.4566607897387145, 1.4384017969174063, 1.519575782481031, 0.0, 0.0], "COMBAT_ID_15.1_RIGHT_UP": [0.21812876850791954, 0.0, 0.0, 1.433448232534491, 0.9151770758899378, 0.0], "COMBAT_ID_15.1_RIGHT_DOWN": [9.197520689994409, 3.320685119273078, 2.6768888507215083, 4.1078793714385125, 4.315312538179649, 3.596857740039111], "COMBAT_ID_15.1_LEFT_DOWN": [0.2048482673230476, -8.129438675079243, 0.0, 0.0, 0.0, 8.548482673230478], "COMBAT_ID_15.1_LEFT_UP": [1.223901047344449, 0.0, 0.0, 0.16114118688370904, -7.825089690471085, 0.0], "CLEAR_1:85_OD0": [8.381040536598464, 0.0, 0.0, 0.0, 0.0, 0.0], "CLEAR_1:85_OD3": [7.616849051802548, 2.458783121174972, 2.6346409199272163, 2.4550516199712993, 0.0, 0.0], "CLEAR_1:72_OD2": [0.0, 2.725, 0.0, 0.0, 0.0, 0.0], "COMBAT_Monstro_LEFT_DOWN": [20.031374557093855, -16.951830288684697, 2.9711030567086256, 0.0, 0.7718684680238492, 1.4249198540728338], "COMBAT_ID_94.0_LEFT_DOWN": [-5.409156122851644, 1.765174841937981, 4.408484360304238, 21.737737314500112, 4.176159557199196, 4.118607569660646], "COMBAT_Monstro_RIGHT_DOWN": [0.0, 0.13546359100000002, 2.911574359155783, 0.0, -17.909027322112927, 0.0], "COMBAT_Monstro_RIGHT_UP": [2.0987270992782445, 7.881255391965661, 2.409753442290195, 3.7897066597194753, 0.0, 3.9840810499005572], "COMBAT_Monstro_LEFT_UP": [3.3792001196323906, 0.3824915155651734, 0.9611225098985497, 0.0, 0.0, 0.18501550505263817], "COMBAT_ID_94.0_LEFT_UP": [-15.334492586345018, -15.42236550101422, 0.0, 0.2, 0.0, 1.522841056417981], "COMBAT_ID_94.0_RIGHT_DOWN": [0.8648275251635912, 10.624060950051058, 0.0, 0.13546359100000002, 0.0, 1.149411149449276], "CLEAR_1:83_OD3": [2.19380255749742, 5.848701224456253, 4.50999997466292, 3.7499116272389816, 0.0, 0.0], "COMBAT_ID_16.0_RIGHT_UP": [2.7008681321470935, 0.0, 0.0, 0.0, 0.0, 0.0], "COMBAT_ID_16.0_RIGHT_DOWN": [2.576253881945059, 3.6016781144518397, 0.4729771082653741, 0.3846444264440071, 0.14410895509000002, 0.18093060506076278], "COMBAT_Fly_LEFT_UP": [5.6020444981788735, 4.078940973858182, 23.610659243161393, 0.3252454408209391, 6.579498632486679, 5.526495183979357], "CLEAR_1:70_OD0": [0.0, 0.0, 0.0, 0.0, 0.0, 0.0], "CLEAR_1:70_OD2": [2.219003630928042, 0.0, 2.7348829, 2.6, 0.0, 0.0], "CLEAR_1:82_OD2": [1.3783038997500001, 2.5, 0.0, 4.570525503077036, 0.0, 0.0], "CLEAR_1:95_OD1": [0.0, 0.0, 2.725, 0.0, 0.0, 0.0], "COMBAT_ID_79.0_LEFT_UP": [-8.249192270804926, 0.10981000000000002, 0.0, 0.0, 0.5981725238001119, 0.0], "COMBAT_ID_79.0_RIGHT_UP": [0.5367979140998932, 0.0, 0.0, 0.0, 0.0, 0.0], "COMBAT_ID_79.0_LEFT_DOWN": [0.9387248320806241, 0.0, 0.0, 0.0, 0.0, 0.0], "COMBAT_ID_79.10_RIGHT_UP": [1.503322318785917, 0.0, 0.0, 0.0, 0.0, 0.0], "COMBAT_ID_79.10_RIGHT_DOWN": [3.0531548983337125, 0.3091122376510467, 7.5, 0.0, 0.0, 0.32963229508057296], "CLEAR_1:57_OD0": [0.0, 0.0, 0.0, 0.0, 0.0, 0.0], "CLEAR_1:57_OD1": [0.0, 3.3662566907272025, 0.0, 0.0, 0.0, 0.0], "COMBAT_ID_214.0_RIGHT_UP": [9.290973460661943, 0.0, 0.0, 0.0, 0.3207526415167306, 0.0], "CLEAR_1:71_OD0": [0.5629120000000001, 2.704743902975581, 0.0, 0.0, 0.0, 0.0], "CLEAR_1:71_OD3": [6.760849153049076, 2.1875458524401665, 5.028793349073022, 10.98425434643341, 0.0, 0.0], "COMBAT_ID_29.0_LEFT_UP": [0.1, 0.0, 0.0, 0.0, 0.0, 0.0], "COMBAT_ID_29.0_LEFT_DOWN": [2.724092406365234, 0.0, 0.0, 0.29198140237268017, 0.7046556964953175, 0.0], "COMBAT_ID_29.0_RIGHT_UP": [7.3695266316875205, 0.89300923391543, 0.0, 0.47000485995548946, 0.47000485995548946, 0.0], "COMBAT_ID_29.0_RIGHT_DOWN": [-3.923018619063602, 7.251402155467665, 3.1887265536363136, 23.755110942891733, 3.6727253635227375, 5.468066862102363], "CLEAR_1:58_OD0": [0.0, 0.0, 0.0, 0.0, 0.0, 0.0], "CLEAR_1:58_OD2": [0.0, 0.0, 2.5, 0.0, 0.0, 0.0], "CLEAR_1:45_OD2": [0.0, 2.6, 0.0, 0.0, 0.0, 0.0], "COMBAT_ID_217.0_LEFT_UP": [0.9986978973984509, 0.0, 0.0, 2.4698227709407385, 0.0, 0.0], "COMBAT_ID_217.0_LEFT_DOWN": [3.5161879631412427, 0.41980098753886175, 0.0, 0.0, 0.0, 0.5100416224807035], "COMBAT_ID_261.0_LEFT_DOWN": [-4.186900388693192, 8.889777521354594, 0.4821807250207643, 0.19745490556994783, 0.7807237801122724, 0.3138915570876067], "COMBAT_ID_261.0_LEFT_UP": [0.3289777521354593, 0.0, 0.0, 0.0, 0.0, 0.0], "CLEAR_1:44_OD0": [0.0, 0.0, 0.0, 0.0, 0.0, 0.0], "CLEAR_1:44_OD1": [0.0, 2.5, 0.0, 0.0, 0.0, 0.0], "CLEAR_2:84_OD3": [3.680494595076836, 6.197514583584098, 5.430042418780975, 3.4410513903904043, 0.0, 0.0], "COMBAT_ID_214.0_LEFT_UP": [2.0434414479346823, 0.0, 0.0, 0.0, 0.0, 0.0], "COMBAT_ID_214.0_RIGHT_DOWN": [9.057654545613309, 0.0, 0.40596606654531076, 0.24065447868720638, 0.21741079676182942, 0.0], "COMBAT_ID_214.0_LEFT_DOWN": [0.5581895509, 0.1267309, 0.0, 0.0, 0.0, 0.0], "CLEAR_2:71_OD0": [0.0, 0.0, 0.0, 0.0, 0.0, 0.0], "CLEAR_2:71_OD2": [-8.588630900299563, 4.0513395490631305, 0.0, 7.3846371870880105, 0.0, 0.0], "CLEAR_2:58_OD1": [0.0, -4.1170275, 2.9275, 0.0, 0.0, 0.0], "COMBAT_ID_11.1_LEFT_UP": [-16.311020441029548, 2.68645785620477, 2.740340411585062, -4.477096159636396, 8.061674495323773, 2.3980459039690416], "COMBAT_ID_11.1_LEFT_DOWN": [8.433432731316486, 8.622422434881464, 8.934254509560548, 7.565259793766477, 7.412082352934141, 7.804700183930079], "COMBAT_ID_11.1_RIGHT_DOWN": [10.801813201310452, 0.0, 0.0, 0.8272249619903336, 0.43018132013104515, 0.0], "CLEAR_2:83_OD0": [0.0, 0.0, 0.0, 0.0, 0.0, 0.0], "CLEAR_2:83_OD2": [5.214387187088011, 0.0, 2.575744236112077, 0.0, 0.0, 0.0],